dir,./trc/IMAMURA,the number of files,2,optimal reference,IMAMURA35.trc,
0.000000000000000000e+00,1.171131797517542310e+02
1.179649318428892713e+02,0.000000000000000000e+00
